{
    "parent": "item/generated",
    "textures": {
        "layer0": "item/music_disc_11"
    },
    "overrides": [
        {
            "predicate": {
                "custom_model_data": 1
            },
            "model": "item/music_disc_girlnextdoortobyfox"
        },
        {
            "predicate": {
                "custom_model_data": 2
            },
            "model": "item/music_disc_mycastletowntobyfox"
        },
        {
            "predicate": {
                "custom_model_data": 3
            },
            "model": "item/music_disc_friendshiptobyfox"
        },
        {
            "predicate": {
                "custom_model_data": 4
            },
            "model": "item/music_disc_atowncalledhometowntobyfox"
        },
        {
            "predicate": {
                "custom_model_data": 5
            },
            "model": "item/music_disc_youcanalwayscomehometobyfox"
        },
        {
            "predicate": {
                "custom_model_data": 6
            },
            "model": "item/music_disc_shoptobyfox"
        },
        {
            "predicate": {
                "custom_model_data": 7
            },
            "model": "item/music_disc_welcomeaboardcaptain"
        }
    ]
}