{
    "__createdwith": "opl's Model Creator",
    "ambientocclusion": false,
	"gui_light": "front",
    "textures": {
        "layer0": "item/totem_of_undying_01",
        "particle": "item/totem_of_undying_01"
    },
    "elements": [
        {
            "from": [6,0,7],
            "to": [8,6,9],
            "faces": {
                "up": {
                    "uv": [6,13,5,12],
                    "texture": "#layer0"
                },
                "down": {
                    "uv": [7,12,6,13],
                    "texture": "#layer0",
                    "rotation": 180
                },
                "west": {
                    "uv": [6,13,7,16],
                    "texture": "#layer0"
                },
                "east": {
                    "uv": [4,13,5,16],
                    "texture": "#layer0"
                },
                "north": {
                    "uv": [5,13,6,16],
                    "texture": "#layer0"
                },
                "south": {
                    "uv": [7,13,8,16],
                    "texture": "#layer0"
                }
            }
        },
        {
            "from": [6,6,7],
            "to": [10,12,9],
            "faces": {
                "up": {
                    "uv": [7,5,5,4],
                    "texture": "#layer0"
                },
                "down": {
                    "uv": [7,5,9,4],
                    "texture": "#layer0"
                },
                "west": {
                    "uv": [7,5,8,8],
                    "texture": "#layer0"
                },
                "east": {
                    "uv": [4,5,5,8],
                    "texture": "#layer0"
                },
                "north": {
                    "uv": [5,5,7,8],
                    "texture": "#layer0"
                },
                "south": {
                    "uv": [8,5,10,8],
                    "texture": "#layer0"
                }
            }
        },
        {
            "from": [4,6,7],
            "to": [6,12,9],
            "faces": {
                "up": {
                    "uv": [10,12,9,13],
                    "texture": "#layer0"
                },
                "down": {
                    "uv": [12,4,13,5],
                    "texture": "#layer0"
                },
                "west": {
                    "uv": [10,13,11,16],
                    "texture": "#layer0"
                },
                "east": {
                    "uv": [8,13,9,16],
                    "texture": "#layer0"
                },
                "north": {
                    "uv": [9,13,10,16],
                    "texture": "#layer0"
                },
                "south": {
                    "uv": [11,13,12,16],
                    "texture": "#layer0"
                }
            }
        },
        {
            "from": [10,6,7],
            "to": [12,12,9],
            "faces": {
                "up": {
                    "uv": [12,4,11,5],
                    "texture": "#layer0"
                },
                "down": {
                    "uv": [13,4,12,5],
                    "texture": "#layer0"
                },
                "west": {
                    "uv": [12,5,13,8],
                    "texture": "#layer0"
                },
                "east": {
                    "uv": [10,5,11,8],
                    "texture": "#layer0"
                },
                "north": {
                    "uv": [11,5,12,8],
                    "texture": "#layer0"
                },
                "south": {
                    "uv": [13,5,14,8],
                    "texture": "#layer0"
                }
            }
        },
        {
            "from": [6,12,6],
            "to": [10,16,10],
            "faces": {
                "up": {
                    "uv": [2,0,4,2],
                    "texture": "#layer0"
                },
                "down": {
                    "uv": [4,0,6,2],
                    "texture": "#layer0"
                },
                "west": {
                    "uv": [4,2,6,4],
                    "texture": "#layer0"
                },
                "east": {
                    "uv": [0,2,2,4],
                    "texture": "#layer0"
                },
                "north": {
                    "uv": [2,2,4,4],
                    "texture": "#layer0"
                },
                "south": {
                    "uv": [6,2,8,4],
                    "texture": "#layer0"
                }
            }
        },
        {
            "from": [5.8,11.799999,5.8],
            "to": [10.2,16.2,10.2],
            "faces": {
                "up": {
                    "uv": [12,2,10,0],
                    "texture": "#layer0"
                },
                "down": {
                    "uv": [12,0,14,2],
                    "texture": "#layer0"
                },
                "west": {
                    "uv": [12,2,14,4],
                    "texture": "#layer0"
                },
                "east": {
                    "uv": [8,2,10,4],
                    "texture": "#layer0"
                },
                "north": {
                    "uv": [10,2,12,4],
                    "texture": "#layer0"
                },
                "south": {
                    "uv": [14,2,16,4],
                    "texture": "#layer0"
                }
            }
        },
        {
            "from": [5.9,5.8999996,6.9],
            "to": [10.1,12.1,9.1],
            "faces": {
                "up": {
                    "uv": [5,8,7,9],
                    "texture": "#layer0"
                },
                "down": {
                    "uv": [7,8,9,9],
                    "texture": "#layer0"
                },
                "west": {
                    "uv": [7.25,9,8.25,12],
                    "texture": "#layer0"
                },
                "east": {
                    "uv": [4,9,5,12],
                    "texture": "#layer0"
                },
                "north": {
                    "uv": [4.75,9,7.25,12],
                    "texture": "#layer0"
                },
                "south": {
                    "uv": [8,9,10,12],
                    "texture": "#layer0"
                }
            }
        },
        {
            "from": [3.9,5.8999996,6.9],
            "to": [6.1,12.1,9.2],
            "faces": {
                "up": {
                    "uv": [14.000002,11.999997,13.000002,12.999997],
                    "texture": "#layer0"
                },
                "down": {
                    "uv": [12,8,13,9],
                    "texture": "#layer0"
                },
                "west": {
                    "uv": [14,13,15,16],
                    "texture": "#layer0"
                },
                "east": {
                    "uv": [12,13,13,16],
                    "texture": "#layer0"
                },
                "north": {
                    "uv": [13,13,14,16],
                    "texture": "#layer0"
                },
                "south": {
                    "uv": [15,13,16,16],
                    "texture": "#layer0"
                }
            }
        },
        {
            "from": [9.9,5.8999996,6.9],
            "to": [12.1,12.1,9.2],
            "faces": {
                "up": {
                    "uv": [12.000002,7.999996,11.000002,8.999996],
                    "texture": "#layer0"
                },
                "down": {
                    "uv": [12,8,13,9],
                    "texture": "#layer0"
                },
                "west": {
                    "uv": [12,9,13,12],
                    "texture": "#layer0"
                },
                "east": {
                    "uv": [10,9,11,12],
                    "texture": "#layer0"
                },
                "north": {
                    "uv": [11,9,12,12],
                    "texture": "#layer0"
                },
                "south": {
                    "uv": [13,9,14,12],
                    "texture": "#layer0"
                }
            }
        },
        {
            "from": [5.9,-0.10000038,6.9],
            "to": [8,6.0999994,9.2],
            "faces": {
                "up": {
                    "uv": [2,13,1,12],
                    "texture": "#layer0"
                },
                "down": {
                    "uv": [3,12,2,13],
                    "texture": "#layer0",
                    "rotation": 180
                },
                "west": {
                    "uv": [2,13,3,16],
                    "texture": "#layer0"
                },
                "east": {
                    "uv": [0,13,1,16],
                    "texture": "#layer0"
                },
                "north": {
                    "uv": [1,13,2,16],
                    "texture": "#layer0"
                },
                "south": {
                    "uv": [3,13,4,16],
                    "texture": "#layer0"
                }
            }
        },
        {
            "from": [8,0,7],
            "to": [10,6,9],
            "faces": {
                "up": {
                    "uv": [2,5,1,4],
                    "texture": "#layer0"
                },
                "down": {
                    "uv": [3,4,2,5],
                    "texture": "#layer0",
                    "rotation": 180
                },
                "west": {
                    "uv": [2,5,3,8],
                    "texture": "#layer0"
                },
                "east": {
                    "uv": [0,5,1,8],
                    "texture": "#layer0"
                },
                "north": {
                    "uv": [1,5,2,8],
                    "texture": "#layer0"
                },
                "south": {
                    "uv": [3,5,4,8],
                    "texture": "#layer0"
                }
            }
        },
        {
            "from": [7.8999996,-0.10000038,6.9],
            "to": [10.1,6.0999994,9.2],
            "faces": {
                "up": {
                    "uv": [2,9,1,8],
                    "texture": "#layer0"
                },
                "down": {
                    "uv": [3,8,2,9],
                    "texture": "#layer0",
                    "rotation": 180
                },
                "west": {
                    "uv": [2,9,3,12],
                    "texture": "#layer0"
                },
                "east": {
                    "uv": [0,9,1,12],
                    "texture": "#layer0"
                },
                "north": {
                    "uv": [1,9,2,12],
                    "texture": "#layer0"
                },
                "south": {
                    "uv": [3,9,4,12],
                    "texture": "#layer0"
                }
            }
        }
    ],
        "display": {
        "thirdperson_righthand": {
            "rotation": [ 0, -180, 0 ],
            "translation": [ 0, 3, 0],
            "scale": [0.55,0.55,0.55]
        },
        "thirdperson_lefthand": {
            "rotation": [ 0, -180, 0 ],
            "translation": [ 0, 3, 0],
            "scale": [0.55,0.55,0.55]
        },
        "firstperson_righthand": {
            "rotation": [ -35, -180, 0 ],
            "translation": [ 2, 2, -3 ],
            "scale": [0.55,0.55,0.55]
        },
        "gui": {
        "rotation": [ 0, -180, 0], 
        "translation": [ 0, 0, 0 ], 
        "scale": [1,1,1]
        },
        "firstperson_lefthand": {
            "rotation": [ -35, -180, 0 ],
            "translation": [ 2, 2, -3 ],
            "scale": [0.55,0.55,0.55]
        },
        "ground": {"rotation": [ 0, 0, 0], "translation": [ 0, 2, 0 ], "scale":[0.55,0.55,0.55]}
    }
}