{
"music_disc.girlnextdoortobyfox": {
    "sounds": [
        {
            "name": "records/girlnextdoortobyfox",
            "stream": true
        }
    ]
},

"music_disc.mycastletowntobyfox": {
    "sounds": [
        {
            "name": "records/mycastletowntobyfox",
            "stream": true
        }
    ]
},

"music_disc.friendshiptobyfox": {
    "sounds": [
        {
            "name": "records/friendshiptobyfox",
            "stream": true
        }
    ]
},

"music_disc.atowncalledhometowntobyfox": {
    "sounds": [
        {
            "name": "records/atowncalledhometowntobyfox",
            "stream": true
        }
    ]
},

"music_disc.youcanalwayscomehometobyfox": {
    "sounds": [
        {
            "name": "records/youcanalwayscomehometobyfox",
            "stream": true
        }
    ]
},

"music_disc.shoptobyfox": {
    "sounds": [
        {
            "name": "records/shoptobyfox",
            "stream": true
        }
    ]
},

"music_disc.welcomeaboardcaptain": {
    "sounds": [
        {
            "name": "records/welcomeaboardcaptain",
            "stream": true
        }
    ]
}
}